ID,URL
A1,https://etherscan.io/address/0xa815986...
A2,https://etherscan.io/token/0x99d8a9c45b2e...
A3,https://etherscan.io/address/0xfd51531b2...
A4,https://etherscan.io/address/0x193E045B...
A5,https://etherscan.io/address/0x2d89fb...
A6,https://etherscan.io/address/0x3d981921...
A7,https://etherscan.io/address/0x2a6aa49b9...
A8,https://etherscan.io/address/0xba12222222...
A9,https://bscscan.com/address/0x0506e571a...
A10,https://bscscan.com/address/0x9a16b5375...
A11,https://bscscan.com/address/0x7157629...
A12,https://bscscan.com/address/0x783fbea...
A13,https://bscscan.com/address/0x5813d781...
A14,https://bscscan.com/address/0xd7a7d90b63...
A15,https://etherscan.io/address/0x49de0cfc7a9563...
A16,https://bscscan.com/address/0xf5d9438...
A17,https://bscscan.com/address/0x3da482864...
A18,https://bscscan.com/tx/0xd03702e171...
A19,https://etherscan.io/address/0x193E045BeE...
A20,https://bscscan.com/address/0x2e713d4...
A21,https://bscscan.com/address/0xceD10F8e9...
A22,https://bscscan.com/txs?a=0xCE60E4afa51...
A23,https://etherscan.io/address/0xf7d0145c5...
A24,https://etherscan.io/address/0x18e01c7b...
A25,https://etherscan.io/address/0x87f585809...
A26,https://bscscan.com/tx/0xabf21d81...
A27,https://bscscan.com/address/0xc3cc5fc2d2a...
A28,https://bscscan.com/address/0xc2fe5c7b9...